{"sections":{"slideshow":{"type":"slideshow","blocks":{"slide-1":{"type":"image","settings":{"subheading":"Our bag","title":"Inspired by the 90s","mobile_text_position":"place-self-center text-center","desktop_text_position":"sm:place-self-center sm:text-center","content_max_width":780,"button_1_text":"Shop now","button_1_style":"fill","button_1_background":"#ffffff","button_1_text_color":"#1c1c1c","button_2_style":"solid","button_2_background":"#1c1c1c","button_2_text_color":"#ffffff","background_opacity":50,"text_color":"#ffffff","gradient_overlay":"linear-gradient(0deg, rgba(0, 0, 0, 0.2), rgba(0, 0, 0, 0) 100%)"}},"slide-2":{"type":"image","settings":{"subheading":"Our bag","title":"Elegant & Timeless","mobile_text_position":"place-self-center text-center","desktop_text_position":"sm:place-self-center sm:text-center","content_max_width":400,"button_1_text":"View collection","button_1_style":"solid","button_1_background":"#ffffff","button_1_text_color":"#000000","button_2_style":"outline","button_2_background":"#ffffff","button_2_text_color":"#000000","background_opacity":50,"text_color":"#ffffff","border_color":"#ffffff","gradient_overlay":"linear-gradient(180deg, rgba(54, 54, 54, 0.1), rgba(4, 4, 4, 0.45) 100%)"}}},"block_order":["slide-1","slide-2"],"settings":{"allow_transparent_header":true,"show_next_section_button":true,"media_size":"fill","show_initial_transition":true,"autoplay":true,"autoplay_pause_on_video":true,"cycle_speed":5,"background":"#000000","controls_color":"#ffffff"}},"featured-collections-1":{"type":"featured-collections","blocks":{"collection-1":{"type":"collection","settings":{"products_count":8,"title":"Women","link_url":"shopify:\/\/collections\/all","link_text":"All women's bags"}},"collection-2":{"type":"collection","settings":{"products_count":8,"title":"Men","link_url":"shopify:\/\/collections\/all","link_text":"All men's bags"}}},"block_order":["collection-1","collection-2"],"settings":{"color_scheme":"scheme-1","separate_section_with_border":false,"hide_product_information":false,"stack_products":false,"products_per_row_mobile":"2","products_per_row_desktop":4,"horizontal_spacing_factor":1,"vertical_spacing_factor":1,"subheading":"Our best sellers"}},"image-with-text-overlay-1":{"type":"image-with-text-overlay","blocks":{"subheading-1":{"type":"subheading","settings":{"text":"New product"}},"heading-1":{"type":"heading","settings":{"text":"Our backpack","heading_tag":"h2"}},"button-1":{"type":"button","settings":{"style":"solid","text":"Shop","background":"#ffffff","text_color":"#1c1c1c"}}},"block_order":["subheading-1","heading-1","button-1"],"settings":{"color_scheme":"scheme-4","image_size":"sm","allow_transparent_header":false,"reveal_on_scroll":true,"remove_vertical_spacing":true,"content_width":"md","mobile_text_position":"place-self-center text-center","desktop_text_position":"sm:place-self-end-start sm:text-start","overlay_color":"#000000","overlay_opacity":20}},"rich-text":{"type":"rich-text","blocks":{"heading-1":{"type":"heading","settings":{"text":"Our aim: offer elegant, timeless & functional products","heading_tag":"h1"}},"link-1":{"type":"link","settings":{"text":"Our story"}},"link-2":{"type":"link","settings":{"text":"Commitments"}}},"block_order":["heading-1","link-1","link-2"],"settings":{"color_scheme":"scheme-1","separate_section_with_border":true,"content_width":"xs","text_position":"center","remove_vertical_spacing":false}},"media-grid":{"type":"media-grid","blocks":{"image-1":{"type":"image","settings":{"color_scheme":"scheme-4","column_count":"8","row_count":2,"title":"Women","heading_tag":"h1","link_style":"link","text_position":"place-self-center text-center","overlay_color":"#000000","overlay_opacity":0}},"image-2":{"type":"image","settings":{"color_scheme":"scheme-4","column_count":"4","row_count":1,"title":"Men","heading_tag":"h3","link_style":"link","text_position":"place-self-center text-center","overlay_color":"#000000","overlay_opacity":0}},"image-3":{"type":"image","settings":{"color_scheme":"scheme-4","column_count":"4","row_count":1,"title":"Accessories","heading_tag":"h4","link_style":"link","text_position":"place-self-center text-center","overlay_color":"#000000","overlay_opacity":0}}},"block_order":["image-1","image-2","image-3"],"settings":{"color_scheme":"scheme-1","separate_section_with_border":false,"desktop_row_height":290,"mobile_row_height":180,"section_width":"lg","spacing":"md"}},"scrolling-content-1":{"type":"scrolling-content","blocks":{"text-1":{"type":"text","settings":{"text":"New: our bag"}}},"block_order":["text-1"],"settings":{"separate_section_with_border":true,"scrolling_speed":0.3,"scroll_direction":"left","pause_on_hover":false,"text_font":"heading","text_font_size_mobile":32,"text_font_size_desktop":64,"section_vertical_spacing_mobile":20,"section_vertical_spacing_desktop":40,"item_horizontal_spacing_mobile":25,"item_horizontal_spacing_desktop":50,"text_color":"#b3b3b3"}},"scrolling-content-2":{"type":"scrolling-content","blocks":{"text-1":{"type":"text","settings":{"text":"Show new arrivals"}}},"block_order":["text-1"],"settings":{"separate_section_with_border":true,"scrolling_speed":0.3,"scroll_direction":"right","pause_on_hover":false,"text_font":"heading","text_font_size_mobile":32,"text_font_size_desktop":64,"section_vertical_spacing_mobile":20,"section_vertical_spacing_desktop":40,"item_horizontal_spacing_mobile":25,"item_horizontal_spacing_desktop":50,"text_color":"#b3b3b3"}},"featured-collections-2":{"type":"featured-collections","blocks":{"collection-1":{"type":"collection","settings":{"products_count":5,"title":"Ideal for a weekend outing"}}},"block_order":["collection-1"],"settings":{"color_scheme":"scheme-1","separate_section_with_border":true,"hide_product_information":false,"stack_products":false,"products_per_row_mobile":"2","products_per_row_desktop":4,"horizontal_spacing_factor":1,"vertical_spacing_factor":1,"subheading":"Be classy"}},"video":{"type":"video","blocks":{"subheading-1":{"type":"subheading","settings":{"text":"Made in Italy"}},"heading-1":{"type":"heading","settings":{"text":"Finest handmade","heading_tag":"h2"}},"play-1":{"type":"play","settings":{"icon_color":"#ffffff"}}},"block_order":["subheading-1","heading-1","play-1"],"settings":{"autoplay":false,"show_controls":true,"video_size":"md","external_video_url":"https:\/\/www.youtube.com\/watch?v=_9VUPq3SxOc","text_color":"#1c1c1c"}},"shop-the-look":{"type":"shop-the-look","blocks":{"look-1":{"type":"look","settings":{"hot_spots_background":"#ffffff","product_1_horizontal_position":24,"product_1_vertical_position":35,"product_2_horizontal_position":67,"product_2_vertical_position":51,"product_3_horizontal_position":30,"product_3_vertical_position":65}},"look-2":{"type":"look","settings":{"hot_spots_background":"#ffffff","product_1_horizontal_position":35,"product_1_vertical_position":58,"product_2_horizontal_position":69,"product_2_vertical_position":75,"product_3_horizontal_position":75,"product_3_vertical_position":30}}},"block_order":["look-1","look-2"],"settings":{"color_scheme":"scheme-1","separate_section_with_border":true,"subheading":"Shop","title":"Our looks","popover_title":"Shop the look"}},"countdown":{"type":"countdown","settings":{"color_scheme":"scheme-3","separate_section_with_border":false,"image_size":"auto","subheading":"Limited time only","title":"Super Sale Up to 40% off","content":"<p>Shop our selection of exclusive handbags and backpacks at reduced price during the Super Sale. Hurry up!<\/p>","button_link":"shopify:\/\/collections\/sale","button_text":"Shop now","expiration_date":"2035-04-25","expiration_behavior":"leave","timer_position":"end","animate_number":true,"flip_background":"","flip_background_opacity":50,"flip_text_color":"","overlay_color":"#1c1c1c","overlay_opacity":30}},"multiple-media-with-text":{"type":"multiple-media-with-text","blocks":{"image-1":{"type":"image","settings":{"rotation":0}},"image-2":{"type":"image","settings":{"rotation":0}}},"block_order":["image-1","image-2"],"settings":{"color_scheme":"scheme-1","reveal_on_scroll":true,"separate_section_with_border":true,"media_position_desktop":"after_text","media_position_mobile":"before_text","media_layout":"overlap","media_alignment":"end","media_alignment_offset":80,"media_mobile_alignment_offset":40,"text_alignment":"center","subheading":"collaboration","title":"Us x them","content":"<p>Born from the meeting of a minimalist creative and a timeless design studio, this collection combines refined aesthetics with thoughtful craftsmanship. Their shared vision results in pieces that are both elegant and understated.<\/p>","button_1_text":"discover","button_1_style":"solid","button_2_style":"solid"}},"before-after":{"type":"before-after","blocks":{"before-1":{"type":"before","settings":{"color_scheme":"scheme-1","text":"Before","link_text":"View product","link_style":"link"}},"after-1":{"type":"after","settings":{"color_scheme":"scheme-1","text":"After","link_text":"View product","link_style":"link"}}},"block_order":["before-1","after-1"],"settings":{"color_scheme":"scheme-1","separate_section_with_border":false,"subheading":"Our bag","title":"Choose your colour","cursor_direction":"horizontal","cursor_initial_position":50,"cursor_background":"#ffffff","cursor_arrows_color":"#000000"}},"images-with-text-scroll":{"type":"images-with-text-scroll","blocks":{"image-with-text-1":{"type":"image_with_text","settings":{"subheading":"#1","title":"The Design","content":"<p>Each piece is designed with your needs at heart. All products are imagined and developed in our studio, where ideas often stem from the thoughtful feedback we receive throughout the year.<\/p>","link_text":"Learn more","link_style":"link"}},"image-with-text-2":{"type":"image_with_text","settings":{"subheading":"#2","title":"Our commitments","content":"<p>From the very beginning, responsibility has been a core value — both towards you and the environment. From design to distribution, each step is approached with care to create pieces that are timeless, high quality, and fairly priced.<\/p>","link_text":"Learn more","link_style":"link"}}},"block_order":["image-with-text-1","image-with-text-2"],"settings":{"color_scheme":"scheme-3","image_position":"start","text_alignment":"center","heading_tag":"h3","overlay_color":"#000000","overlay_opacity":20}},"blog-posts":{"type":"blog-posts","settings":{"color_scheme":"scheme-1","separate_section_with_border":true,"blog":"news","posts_count":3,"stack_on_mobile":false,"show_category":true,"show_date":false,"show_excerpt":false,"show_read_more":true,"subheading":"News","title":"From the blog","button_link":"shopify:\/\/blogs\/news","button_text":"Discover all our stories"}},"featured-product":{"type":"featured-product","blocks":{"badges-1":{"type":"badges","settings":{}},"title-1":{"type":"title","settings":{"heading_tag":"h3"}},"price-1":{"type":"price","settings":{"show_taxes_notice":false}},"payment-terms-1":{"type":"payment_terms","settings":{}},"separator-1":{"type":"separator","settings":{}},"description-1":{"type":"description","settings":{"collapse_content":false}},"variant-picker-1":{"type":"variant_picker","settings":{"hide_sold_out_variants":false,"selector_style":"block","swatch_selector_style":"swatch"}},"quantity-selector-1":{"type":"quantity_selector","settings":{}},"buy-buttons-1":{"type":"buy_buttons","settings":{"show_payment_button":false,"show_gift_card_recipient":false}},"pickup-availability-1":{"type":"pickup_availability","settings":{}}},"block_order":["badges-1","title-1","price-1","payment-terms-1","separator-1","description-1","variant-picker-1","quantity-selector-1","buy-buttons-1","pickup-availability-1"],"settings":{"color_scheme":"scheme-1","separate_section_with_border":true,"container_size":"lg","product_info_size":45,"center_basic_info":false,"desktop_media_layout":"carousel_dots","desktop_media_grid_gap":30,"mobile_controls":"dots","enable_media_autoplay":true,"enable_video_looping":true,"enable_image_zoom":false,"max_image_zoom_level":3,"subheading":"Our selection","title":"Product of the week"}},"image-with-text-block":{"type":"image-with-text-block","blocks":{"subheading-1":{"type":"subheading","settings":{"text":"Materials"}},"richtext-1":{"type":"richtext","settings":{"content":"<p>We only work with the best leather, chosen in collaboration with our factory.<\/p>"}},"link-1":{"type":"link","settings":{"text":"Learn more"}}},"block_order":["subheading-1","richtext-1","link-1"],"settings":{"color_scheme":"scheme-2","image_size":"md","content_width":"md","enable_parallax":false,"remove_vertical_spacing":true}},"testimonials":{"type":"testimonials","blocks":{"testimonial-1":{"type":"testimonial","settings":{"content":"<p>Sleek and compact, this piece keeps everything organized with just the right balance of structure and softness.<\/p>","logo_max_width":140,"logo_mobile_max_width":100}},"testimonial-2":{"type":"testimonial","settings":{"content":"<p>Whether in classic black or a bold tone, it stands out for its smart compartments and refined leather finish.<\/p>","logo_max_width":140,"logo_mobile_max_width":100}},"testimonial-3":{"type":"testimonial","settings":{"content":"<p>Minimalist design meets everyday function — perfect for keeping your essentials secure and stylish on the go.<\/p>","logo_max_width":140,"logo_mobile_max_width":100}}},"block_order":["testimonial-1","testimonial-2","testimonial-3"],"settings":{"color_scheme":"scheme-3","separate_section_with_border":true,"auto_rotate_between_testimonials":false,"cycle_speed":5,"font_size_factor":1}},"timeline":{"type":"timeline","blocks":{"item-1":{"type":"item","settings":{"label":"2013","subheading":"","title":"A story of shared vision","content":"<p>This project began with two creative minds, united by both passion and purpose. From day one, the goal was clear: to build something meaningful together. What started as a simple idea turned into a first product launch—and the beginning of a lasting journey.<\/p>","link_style":"link","mobile_text_color":"#ffffff"}},"item-2":{"type":"item","settings":{"label":"2014","subheading":"","title":"No middlemen","content":"<p>By working directly with you, we eliminate unnecessary markups and focus on what matters: offering thoughtfully designed, high-quality pieces at a fair price. A modern approach to fashion, rooted in transparency.<\/p>","link_style":"link","mobile_text_color":"#ffffff"}},"item-3":{"type":"item","settings":{"label":"2015","subheading":"","title":"Crafted in Italy","content":"<p>Production takes place in a family-run workshop near Naples, known for its artisanal expertise. The collaboration is close and ongoing, with daily conversations shaping both the process and the products. More than just a manufacturer—true partners in craft.<\/p>","link_style":"link","mobile_text_color":"#ffffff"}},"item-4":{"type":"item","settings":{"label":"2017","title":"Discover our products","content":"<p>Located in the heart of the city, our showroom is open throughout the week and offers the ideal place to explore the full range in person.<\/p>","link_style":"link","mobile_text_color":"#ffffff"}}},"block_order":["item-1","item-2","item-3","item-4"],"settings":{"color_scheme":"scheme-1","item_color_scheme":"scheme-2","separate_section_with_border":false}},"image-with-text-overlay-2":{"type":"image-with-text-overlay","blocks":{"heading-1":{"type":"heading","settings":{"text":"Our values","heading_tag":"h3"}},"richtext-1":{"type":"richtext","settings":{"content":"<p>We aspire to be a brand of the 21st century: 100% online and without any intermediary.<br\/>From you to us directly.<\/p>"}}},"block_order":["heading-1","richtext-1"],"settings":{"color_scheme":"scheme-4","image_size":"auto","allow_transparent_header":false,"reveal_on_scroll":true,"remove_vertical_spacing":true,"content_width":"xs","mobile_text_position":"place-self-center text-center","desktop_text_position":"sm:place-self-center sm:text-center","overlay_color":"#000000","overlay_opacity":30}},"multi-column":{"type":"multi-column","blocks":{"image-with-text-1":{"type":"image_with_text","settings":{"title":"The design","heading_tag":"h4","content":"<p>Every product is imagined and developed in our studio, with a focus on both form and function.<\/p>"}},"image-with-text-2":{"type":"image_with_text","settings":{"title":"Materials","heading_tag":"h4","content":"<p>Our materials come from hides sourced as byproducts of the food industry. We collaborate exclusively with trusted tanneries based in Italy, France, and Spain.<\/p>"}},"image-with-text-3":{"type":"image_with_text","settings":{"title":"The know-how","heading_tag":"h4","content":"<p>Every step of the process follows the rigorous standards of traditional leatherworking—ensuring durability, precision, and lasting quality.<\/p>"}}},"block_order":["image-with-text-1","image-with-text-2","image-with-text-3"],"settings":{"color_scheme":"scheme-1","separate_section_with_border":true,"columns_per_row":3,"stack_on_mobile":false,"overlap_image":false,"content_alignment":"center","text_alignment":"center","spacing":"md","subheading":"About us","title":"From A to Z"}},"newsletter":{"type":"newsletter","settings":{"color_scheme":"scheme-3","separate_section_with_border":true,"image_size":"md","subheading":"Keep me updated","title":"Newsletter","content":"<p>Subscribe to get notified about product launches, special offers and company news.<\/p>","button_text":"Subscribe","overlay_color":"#000000","overlay_opacity":30}}},"order":["slideshow","featured-collections-1","image-with-text-overlay-1","rich-text","media-grid","scrolling-content-1","scrolling-content-2","featured-collections-2","video","shop-the-look","countdown","multiple-media-with-text","before-after","images-with-text-scroll","blog-posts","featured-product","image-with-text-block","testimonials","timeline","image-with-text-overlay-2","multi-column","newsletter"]}