{"type":"header","name":"Header group","sections":{"countdown-timer":{"type":"countdown-condensed","settings":{"color_scheme":"schema-3","content":"super Sale Up to 40% off","link_text":"shop now","link_url":"shopify:\/\/collections\/all","expiration_date":"2025-11-25","expiration_behavior":"leave","desktop_justification":"space-between"}},"header":{"type":"header","settings":{"color_scheme":"schema-2","enable_sticky":true,"hide_on_scroll":false,"show_separation_border":true,"reduce_padding":false,"logo":"{{shop.brand.logo}}","logo_max_width":130,"logo_mobile_max_width":80,"menu":"main-menu","menu_open_trigger":"hover","menu_text_font":"heading","enable_search":true,"sidebar_color_scheme":"schema-2","sidebar_text_font":"heading","sidebar_show_dividers":false,"sidebar_open_second_level_menus":false,"layout":"logo_center_navigation_inline","show_icons":true,"show_country_selector":true,"show_country_name":false,"show_country_flag":true,"show_locale_selector":false,"transparent_header_text_color":"#ffffff"}}},"order":["countdown-timer","header"]}